#projectName	rawFolder	outputFolder	possibleComparisonsInPrecedence	bcellMode	proteinExpressionTable	proteinExpressionQuantity	geneExpressionTable	geneExpressionQuantity	methylationTable	diseaseNameAlternatives	existingMetadataFile	toSkip	toSkipRNA	justPostProcess	#projectName	
7qAML-DKFZ	/home/umuttoprak/Projects/SOPHIA/v35/cohortAnalysis/7qAML-DKFZ	/home/umuttoprak/Projects/SOPHIA/v35/cohortAnalysis/7qAML-DKFZ	tumor-control.tumor-only	1	NA	NA	/home/umuttoprak/Projects/SOPHIA/tcgaMetadata/countData/normalized/7qAML-DKFZ.CPM-TMM.tsv.gz	log2_TMM_CPM	/home/umuttoprak/Projects/SOPHIA/tcgaMetadata/7qAML-DKFZ/7qAML-DKFZ_450k_filtered.tsv.gz	AML,Acute_Myeloid_Leukemia	NA	.	.	.	7qAML-DKFZ	
ATRT-DKFZ	/home/umuttoprak/Projects/SOPHIA/v35/cohortAnalysis/ATRT-DKFZ	/home/umuttoprak/Projects/SOPHIA/v35/cohortAnalysis/ATRT-DKFZ	tumor-blood.tumor-control.tumor-only	0	NA	NA	/home/umuttoprak/Projects/SOPHIA/tcgaMetadata/countData/normalized/ATRT-DKFZ.CPM-TMM.tsv.gz	log2_TMM_CPM	NA	ATRT,Atypical_Teratoid_Rhabdoid_Tumor	NA	.	.	.	ATRT-DKFZ	
BLCA-US	/home/umuttoprak/Projects/SOPHIA/v35/cohortAnalysis/BLCA-US	/home/umuttoprak/Projects/SOPHIA/v35/cohortAnalysis/BLCA-US	tumor-control.tumor-only	0	/home/umuttoprak/Projects/SOPHIA/tcgaMetadata/tcgaRNAMeth//BLCA-US/BLCA-US.RPPA.tsv.gz	RPPA	/home/umuttoprak/Projects/SOPHIA/tcgaMetadata/tcgaRNAMeth//BLCA-US/BLCA-US.CPM-TMM.tsv.gz	log2_TMM_CPM	/home/umuttoprak/Projects/SOPHIA/tcgaMetadata/tcgaRNAMeth//BLCA-US/BLCA-US.methylation450_postfiltered.tsv.gz	Bladder_Cancer,TCGA-BLCA,TCGA_Bladder	/home/umuttoprak/Projects/SOPHIA/tcgaMetadata/tcgaRNAMeth/BLCA-US/BLCA-US.clinicalMatrix.tsv.gz	.	.	.	BLCA-US	
BOCA-UK	/home/umuttoprak/Projects/SOPHIA/v35/cohortAnalysis/BOCA-UK	/home/umuttoprak/Projects/SOPHIA/v35/cohortAnalysis/BOCA-UK	tumor-control.tumor-only	0	NA	NA	NA	NA	NA	Osteosarcoma,Bone_Cancer	/home/umuttoprak/Projects/SOPHIA/tcgaMetadata/PCAWG/merged/BOCA-UK/BOCA-UK_merged.tsv.gz	.	.	.	BOCA-UK	
BRCA_Basal_TrNeg-US	/home/umuttoprak/Projects/SOPHIA/v35/cohortAnalysis/BRCA_Basal_TrNeg-US	/home/umuttoprak/Projects/SOPHIA/v35/cohortAnalysis/BRCA_Basal_TrNeg-US	tumor-control.tumor-only	0	/home/umuttoprak/Projects/SOPHIA/tcgaMetadata/tcgaRNAMeth//BRCA_Basal_TrNeg-US/BRCA_Basal_TrNeg-US.RPPA.tsv.gz	RPPA	/home/umuttoprak/Projects/SOPHIA/tcgaMetadata/tcgaRNAMeth//BRCA_Basal_TrNeg-US/BRCA_Basal_TrNeg-US.CPM-TMM.tsv.gz	log2_TMM_CPM	/home/umuttoprak/Projects/SOPHIA/tcgaMetadata/tcgaRNAMeth//BRCA_Basal_TrNeg-US/BRCA_Basal_TrNeg-US.methylation450_postfiltered.tsv.gz	Triple-Negative_Breast_Cancer,Basal-like_Breast_Cancer,TCGA-BRCA,TCGA_Breast	/home/umuttoprak/Projects/SOPHIA/tcgaMetadata/tcgaRNAMeth/BRCA_Basal_TrNeg-US/BRCA_Basal_TrNeg-US.clinicalMatrix.tsv.gz	.	.	.	BRCA_Basal_TrNeg-US	
BRCA_Her2-US	/home/umuttoprak/Projects/SOPHIA/v35/cohortAnalysis/BRCA_Her2-US	/home/umuttoprak/Projects/SOPHIA/v35/cohortAnalysis/BRCA_Her2-US	tumor-control.tumor-only	0	/home/umuttoprak/Projects/SOPHIA/tcgaMetadata/tcgaRNAMeth//BRCA_Her2-US/BRCA_Her2-US.RPPA.tsv.gz	RPPA	/home/umuttoprak/Projects/SOPHIA/tcgaMetadata/tcgaRNAMeth//BRCA_Her2-US/BRCA_Her2-US.CPM-TMM.tsv.gz	log2_TMM_CPM	/home/umuttoprak/Projects/SOPHIA/tcgaMetadata/tcgaRNAMeth//BRCA_Her2-US/BRCA_Her2-US.methylation450_postfiltered.tsv.gz	HER2_Breast_Cancer,TCGA-BRCA,TCGA_Breast	/home/umuttoprak/Projects/SOPHIA/tcgaMetadata/tcgaRNAMeth/BRCA_Her2-US/BRCA_Her2-US.clinicalMatrix.tsv.gz	.	.	.	BRCA_Her2-US	
BRCA_LumA-US	/home/umuttoprak/Projects/SOPHIA/v35/cohortAnalysis/BRCA_LumA-US	/home/umuttoprak/Projects/SOPHIA/v35/cohortAnalysis/BRCA_LumA-US	tumor-control.tumor-only	0	/home/umuttoprak/Projects/SOPHIA/tcgaMetadata/tcgaRNAMeth//BRCA_LumA-US/BRCA_LumA-US.RPPA.tsv.gz	RPPA	/home/umuttoprak/Projects/SOPHIA/tcgaMetadata/tcgaRNAMeth//BRCA_LumA-US/BRCA_LumA-US.CPM-TMM.tsv.gz	log2_TMM_CPM	/home/umuttoprak/Projects/SOPHIA/tcgaMetadata/tcgaRNAMeth//BRCA_LumA-US/BRCA_LumA-US.methylation450_postfiltered.tsv.gz	Luminal_Breast_Cancer,TCGA-BRCA,TCGA_Breast	/home/umuttoprak/Projects/SOPHIA/tcgaMetadata/tcgaRNAMeth/BRCA_LumA-US/BRCA_LumA-US.clinicalMatrix.tsv.gz	.	.	.	BRCA_LumA-US	
BRCA_LumB-US	/home/umuttoprak/Projects/SOPHIA/v35/cohortAnalysis/BRCA_LumB-US	/home/umuttoprak/Projects/SOPHIA/v35/cohortAnalysis/BRCA_LumB-US	tumor-control.tumor-only	0	/home/umuttoprak/Projects/SOPHIA/tcgaMetadata/tcgaRNAMeth//BRCA_LumB-US/BRCA_LumB-US.RPPA.tsv.gz	RPPA	/home/umuttoprak/Projects/SOPHIA/tcgaMetadata/tcgaRNAMeth//BRCA_LumB-US/BRCA_LumB-US.CPM-TMM.tsv.gz	log2_TMM_CPM	/home/umuttoprak/Projects/SOPHIA/tcgaMetadata/tcgaRNAMeth//BRCA_LumB-US/BRCA_LumB-US.methylation450_postfiltered.tsv.gz	Luminal_Breast_Cancer,TCGA-BRCA,TCGA_Breast	/home/umuttoprak/Projects/SOPHIA/tcgaMetadata/tcgaRNAMeth/BRCA_LumB-US/BRCA_LumB-US.clinicalMatrix.tsv.gz	.	.	.	BRCA_LumB-US	
BRCA_Luminal-US	/home/umuttoprak/Projects/SOPHIA/v35/cohortAnalysis/BRCA_Luminal-US	/home/umuttoprak/Projects/SOPHIA/v35/cohortAnalysis/BRCA_Luminal-US	tumor-control.tumor-only	0	/home/umuttoprak/Projects/SOPHIA/tcgaMetadata/tcgaRNAMeth//BRCA_Luminal-US/BRCA_Luminal-US.RPPA.tsv.gz	RPPA	/home/umuttoprak/Projects/SOPHIA/tcgaMetadata/tcgaRNAMeth//BRCA_Luminal-US/BRCA_Luminal-US.CPM-TMM.tsv.gz	log2_TMM_CPM	/home/umuttoprak/Projects/SOPHIA/tcgaMetadata/tcgaRNAMeth//BRCA_Luminal-US/BRCA_Luminal-US.methylation450_postfiltered.tsv.gz	Luminal_Breast_Cancer,TCGA-BRCA,TCGA_Breast	/home/umuttoprak/Projects/SOPHIA/tcgaMetadata/tcgaRNAMeth/BRCA_Luminal-US/BRCA_Luminal-US.clinicalMatrix.tsv.gz	.	.	.	BRCA_Luminal-US	
BRCA_Normal-US	/home/umuttoprak/Projects/SOPHIA/v35/cohortAnalysis/BRCA_Normal-US	/home/umuttoprak/Projects/SOPHIA/v35/cohortAnalysis/BRCA_Normal-US	tumor-control.tumor-only	0	/home/umuttoprak/Projects/SOPHIA/tcgaMetadata/tcgaRNAMeth//BRCA_Normal-US/BRCA_Normal-US.RPPA.tsv.gz	RPPA	/home/umuttoprak/Projects/SOPHIA/tcgaMetadata/tcgaRNAMeth//BRCA_Normal-US/BRCA_Normal-US.CPM-TMM.tsv.gz	log2_TMM_CPM	/home/umuttoprak/Projects/SOPHIA/tcgaMetadata/tcgaRNAMeth//BRCA_Normal-US/BRCA_Normal-US.methylation450_postfiltered.tsv.gz	Normal-like_Breast_Cancer,TCGA-BRCA,TCGA_Breast	/home/umuttoprak/Projects/SOPHIA/tcgaMetadata/tcgaRNAMeth/BRCA_Normal-US/BRCA_Normal-US.clinicalMatrix.tsv.gz	.	.	.	BRCA_Normal-US	
BRCA-EU	/home/umuttoprak/Projects/SOPHIA/v35/cohortAnalysis/BRCA-EU	/home/umuttoprak/Projects/SOPHIA/v35/cohortAnalysis/BRCA-EU	tumor-control.tumor-only	0	NA	NA	NA	NA	NA	Breast_Cancer,Luminal_Breast_Cancer	/home/umuttoprak/Projects/SOPHIA/tcgaMetadata/PCAWG/merged/BRCA-EU/BRCA-EU_merged.tsv.gz	.	.	.	BRCA-EU	
BRCA-UK	/home/umuttoprak/Projects/SOPHIA/v35/cohortAnalysis/BRCA-UK	/home/umuttoprak/Projects/SOPHIA/v35/cohortAnalysis/BRCA-UK	tumor-control.tumor-only	0	NA	NA	NA	NA	NA	Triple-Negative_Breast_Cancer,Basal-like_Breast_Cancer	/home/umuttoprak/Projects/SOPHIA/tcgaMetadata/PCAWG/merged/BRCA-UK/BRCA-UK_merged.tsv.gz	.	.	.	BRCA-UK	
BRCA-US	/home/umuttoprak/Projects/SOPHIA/v35/cohortAnalysis/BRCA-US	/home/umuttoprak/Projects/SOPHIA/v35/cohortAnalysis/BRCA-US	tumor-control.tumor-only	0	/home/umuttoprak/Projects/SOPHIA/tcgaMetadata/tcgaRNAMeth//BRCA-US/BRCA-US.RPPA.tsv.gz	RPPA	/home/umuttoprak/Projects/SOPHIA/tcgaMetadata/tcgaRNAMeth//BRCA-US/BRCA-US.CPM-TMM.tsv.gz	log2_TMM_CPM	/home/umuttoprak/Projects/SOPHIA/tcgaMetadata/tcgaRNAMeth//BRCA-US/BRCA-US.methylation450_postfiltered.tsv.gz	Breast_Cancer,TCGA-BRCA,TCGA_Breast	/home/umuttoprak/Projects/SOPHIA/tcgaMetadata/tcgaRNAMeth/BRCA-US/BRCA-US.clinicalMatrix.tsv.gz	.	.	.	BRCA-US	
BTCA-SG	/home/umuttoprak/Projects/SOPHIA/v35/cohortAnalysis/BTCA-SG	/home/umuttoprak/Projects/SOPHIA/v35/cohortAnalysis/BTCA-SG	tumor-control.tumor-only	0	NA	NA	NA	NA	NA	Biliary_Tract_Cancer	/home/umuttoprak/Projects/SOPHIA/tcgaMetadata/PCAWG/merged/BTCA-SG/BTCA-SG_merged.tsv.gz	.	.	.	BTCA-SG	
CESC-US	/home/umuttoprak/Projects/SOPHIA/v35/cohortAnalysis/CESC-US	/home/umuttoprak/Projects/SOPHIA/v35/cohortAnalysis/CESC-US	tumor-control.tumor-only	0	/home/umuttoprak/Projects/SOPHIA/tcgaMetadata/tcgaRNAMeth//CESC-US/CESC-US.RPPA.tsv.gz	RPPA	/home/umuttoprak/Projects/SOPHIA/tcgaMetadata/tcgaRNAMeth//CESC-US/CESC-US.CPM-TMM.tsv.gz	log2_TMM_CPM	/home/umuttoprak/Projects/SOPHIA/tcgaMetadata/tcgaRNAMeth//CESC-US/CESC-US.methylation450_postfiltered.tsv.gz	Cervical_Squamous_Cell_Carcinoma,Cervical_Cancer,TCGA-CESC,TCGA_Cervical	/home/umuttoprak/Projects/SOPHIA/tcgaMetadata/tcgaRNAMeth/CESC-US/CESC-US.clinicalMatrix.tsv.gz	.	.	.	CESC-US	
CLLE-ES	/home/umuttoprak/Projects/SOPHIA/v35/cohortAnalysis/CLLE-ES	/home/umuttoprak/Projects/SOPHIA/v35/cohortAnalysis/CLLE-ES	tumor-control.tumor-only	1	NA	NA	/home/umuttoprak/Projects/SOPHIA/tcgaMetadata/countData/normalized/CLLE-ES.CPM-TMM.tsv.gz	log2_TMM_CPM	NA	CLL,Chronic_Lymphocytic_Leukemia	/home/umuttoprak/Projects/SOPHIA/tcgaMetadata/PCAWG/merged/CLLE-ES/CLLE-ES_merged.tsv.gz	SKIP	.	.	CLLE-ES	DO IT LATER
CMDI-UK	/home/umuttoprak/Projects/SOPHIA/v35/cohortAnalysis/CMDI-UK	/home/umuttoprak/Projects/SOPHIA/v35/cohortAnalysis/CMDI-UK	tumor-control.tumor1-control.tumor2-control.tumor3-control.tumor4-control.tumor5-control.tumor6-control.tumor7-control.tumor8-control.tumor9control-tumor10-control.tumor-only	0	NA	NA	NA	NA	NA	Chronic_Myeloid_Disorders	/home/umuttoprak/Projects/SOPHIA/tcgaMetadata/PCAWG/merged/CMDI-UK/CMDI-UK_merged.tsv.gz	.	.	.	CMDI-UK	
COAD_MSI_H-US	/home/umuttoprak/Projects/SOPHIA/v35/cohortAnalysis/COAD_MSI_H-US	/home/umuttoprak/Projects/SOPHIA/v35/cohortAnalysis/COAD_MSI_H-US	tumor-control.tumor-only	0	/home/umuttoprak/Projects/SOPHIA/tcgaMetadata/tcgaRNAMeth//COAD_MSI_H-US/COAD_MSI_H-US.RPPA.tsv.gz	RPPA	/home/umuttoprak/Projects/SOPHIA/tcgaMetadata/tcgaRNAMeth//COAD_MSI_H-US/COAD_MSI_H-US.CPM-TMM.tsv.gz	log2_TMM_CPM	/home/umuttoprak/Projects/SOPHIA/tcgaMetadata/tcgaRNAMeth//COAD_MSI_H-US/COAD_MSI_H-US.methylation450_postfiltered.tsv.gz	Colon_cancer,Colorectal_Cancer,TCGA-COAD,TCGA_Colon,TCGA_Colorectal	/home/umuttoprak/Projects/SOPHIA/tcgaMetadata/tcgaRNAMeth/COAD_MSI_H-US/COAD_MSI_H-US.clinicalMatrix.tsv.gz	.	.	.	COAD_MSI_H-US	
COAD_MSI_L-US	/home/umuttoprak/Projects/SOPHIA/v35/cohortAnalysis/COAD_MSI_L-US	/home/umuttoprak/Projects/SOPHIA/v35/cohortAnalysis/COAD_MSI_L-US	tumor-control.tumor-only	0	/home/umuttoprak/Projects/SOPHIA/tcgaMetadata/tcgaRNAMeth//COAD_MSI_L-US/COAD_MSI_L-US.RPPA.tsv.gz	RPPA	/home/umuttoprak/Projects/SOPHIA/tcgaMetadata/tcgaRNAMeth//COAD_MSI_L-US/COAD_MSI_L-US.CPM-TMM.tsv.gz	log2_TMM_CPM	/home/umuttoprak/Projects/SOPHIA/tcgaMetadata/tcgaRNAMeth//COAD_MSI_L-US/COAD_MSI_L-US.methylation450_postfiltered.tsv.gz	Colon_cancer,Colorectal_Cancer,TCGA-COAD,TCGA_Colon,TCGA_Colorectal	/home/umuttoprak/Projects/SOPHIA/tcgaMetadata/tcgaRNAMeth/COAD_MSI_L-US/COAD_MSI_L-US.clinicalMatrix.tsv.gz	.	.	.	COAD_MSI_L-US	
COAD_MSS-US	/home/umuttoprak/Projects/SOPHIA/v35/cohortAnalysis/COAD_MSS-US	/home/umuttoprak/Projects/SOPHIA/v35/cohortAnalysis/COAD_MSS-US	tumor-control.tumor-only	0	/home/umuttoprak/Projects/SOPHIA/tcgaMetadata/tcgaRNAMeth//COAD_MSS-US/COAD_MSS-US.RPPA.tsv.gz	RPPA	/home/umuttoprak/Projects/SOPHIA/tcgaMetadata/tcgaRNAMeth//COAD_MSS-US/COAD_MSS-US.CPM-TMM.tsv.gz	log2_TMM_CPM	/home/umuttoprak/Projects/SOPHIA/tcgaMetadata/tcgaRNAMeth//COAD_MSS-US/COAD_MSS-US.methylation450_postfiltered.tsv.gz	Colon_cancer,Colorectal_Cancer,TCGA-COAD,TCGA_Colon,TCGA_Colorectal	/home/umuttoprak/Projects/SOPHIA/tcgaMetadata/tcgaRNAMeth/COAD_MSS-US/COAD_MSS-US.clinicalMatrix.tsv.gz	.	.	.	COAD_MSS-US	
COAD-US	/home/umuttoprak/Projects/SOPHIA/v35/cohortAnalysis/COAD-US	/home/umuttoprak/Projects/SOPHIA/v35/cohortAnalysis/COAD-US	tumor-control.tumor-only	0	/home/umuttoprak/Projects/SOPHIA/tcgaMetadata/tcgaRNAMeth//COAD-US/COAD-US.RPPA.tsv.gz	RPPA	/home/umuttoprak/Projects/SOPHIA/tcgaMetadata/tcgaRNAMeth//COAD-US/COAD-US.CPM-TMM.tsv.gz	log2_TMM_CPM	/home/umuttoprak/Projects/SOPHIA/tcgaMetadata/tcgaRNAMeth//COAD-US/COAD-US.methylation450_postfiltered.tsv.gz	Colon_cancer,Colorectal_Cancer,TCGA-COAD,TCGA_Colon,TCGA_Colorectal	/home/umuttoprak/Projects/SOPHIA/tcgaMetadata/tcgaRNAMeth/COAD-US/COAD-US.clinicalMatrix.tsv.gz	.	.	.	COAD-US	
COADREAD-US	/home/umuttoprak/Projects/SOPHIA/v35/cohortAnalysis/COADREAD-US	/home/umuttoprak/Projects/SOPHIA/v35/cohortAnalysis/COADREAD-US	tumor-control.tumor-only	0	/home/umuttoprak/Projects/SOPHIA/tcgaMetadata/tcgaRNAMeth//COADREAD-US/COADREAD-US.RPPA.tsv.gz	RPPA	/home/umuttoprak/Projects/SOPHIA/tcgaMetadata/tcgaRNAMeth//COADREAD-US/COADREAD-US.CPM-TMM.tsv.gz	log2_TMM_CPM	/home/umuttoprak/Projects/SOPHIA/tcgaMetadata/tcgaRNAMeth//COADREAD-US/COADREAD-US.methylation450_postfiltered.tsv.gz	Colon_cancer,Colorectal_Cancer	/home/umuttoprak/Projects/SOPHIA/tcgaMetadata/tcgaRNAMeth/COADREAD-US/COADREAD-US.clinicalMatrix.tsv.gz	SKIP	.	.	COADREAD-US	DO IT LATER
DLBC-US	/home/umuttoprak/Projects/SOPHIA/v35/cohortAnalysis/DLBC-US	/home/umuttoprak/Projects/SOPHIA/v35/cohortAnalysis/DLBC-US	tumor-control.tumor-only	1	/home/umuttoprak/Projects/SOPHIA/tcgaMetadata/tcgaRNAMeth//DLBC-US/DLBC-US.RPPA.tsv.gz	RPPA	/home/umuttoprak/Projects/SOPHIA/tcgaMetadata/tcgaRNAMeth//DLBC-US/DLBC-US.CPM-TMM.tsv.gz	log2_TMM_CPM	/home/umuttoprak/Projects/SOPHIA/tcgaMetadata/tcgaRNAMeth//DLBC-US/DLBC-US.methylation450_postfiltered.tsv.gz	DLBCL,Diffuse_Large_B-Cell_Lymphoma,TCGA-DLBC,TCGA_Lymphoma	/home/umuttoprak/Projects/SOPHIA/tcgaMetadata/tcgaRNAMeth/DLBC-US/DLBC-US.clinicalMatrix.tsv.gz	.	.	.	DLBC-US	
EPN-DKFZ	/home/umuttoprak/Projects/SOPHIA/v35/cohortAnalysis/EPN-DKFZ	/home/umuttoprak/Projects/SOPHIA/v35/cohortAnalysis/EPN-DKFZ	tumor-blood.tumor-control.tumor-only	0	NA	NA	/home/umuttoprak/Projects/SOPHIA/tcgaMetadata/countData/normalized/EPN-DKFZ.affy.dedup.tsv.gz	log2_MASS5-u133p2	NA	Ependymoma	NA	.	.	.	EPN-DKFZ	
ESAD-UK	/home/umuttoprak/Projects/SOPHIA/v35/cohortAnalysis/ESAD-UK	/home/umuttoprak/Projects/SOPHIA/v35/cohortAnalysis/ESAD-UK	tumor-control.tumor-only	0	NA	NA	NA	NA	NA	Esophageal_Adenocarcinoma,Esophageal_Cancer	/home/umuttoprak/Projects/SOPHIA/tcgaMetadata/PCAWG/merged/ESAD-UK/ESAD-UK_merged.tsv.gz	.	.	.	ESAD-UK	
GACA-CN	/home/umuttoprak/Projects/SOPHIA/v35/cohortAnalysis/GACA-CN	/home/umuttoprak/Projects/SOPHIA/v35/cohortAnalysis/GACA-CN	tumor-control.tumor-only	0	NA	NA	NA	NA	NA	Stomach_Cancer,Gastric_Cancer,Gastric_Adenocarcinoma	/home/umuttoprak/Projects/SOPHIA/tcgaMetadata/PCAWG/merged/GACA-CN/GACA-CN_merged.tsv.gz	.	.	.	GACA-CN	
GBM-US	/home/umuttoprak/Projects/SOPHIA/v35/cohortAnalysis/GBM-US	/home/umuttoprak/Projects/SOPHIA/v35/cohortAnalysis/GBM-US	tumor-control.tumor-only	0	/home/umuttoprak/Projects/SOPHIA/tcgaMetadata/tcgaRNAMeth//GBM-US/GBM-US.RPPA.tsv.gz	RPPA	/home/umuttoprak/Projects/SOPHIA/tcgaMetadata/tcgaRNAMeth//GBM-US/GBM-US.CPM-TMM.tsv.gz	log2_TMM_CPM	/home/umuttoprak/Projects/SOPHIA/tcgaMetadata/tcgaRNAMeth//GBM-US/GBM-US.methylation450_postfiltered.tsv.gz	Glioblastoma_Multiforme,TCGA-GBM,TCGA_Glioblastoma_Multiforme	/home/umuttoprak/Projects/SOPHIA/tcgaMetadata/tcgaRNAMeth/GBM-US/GBM-US.clinicalMatrix.tsv.gz	.	.	.	GBM-US	
GCTB-DKFZ	/home/umuttoprak/Projects/SOPHIA/v35/cohortAnalysis/GCTB-DKFZ	/home/umuttoprak/Projects/SOPHIA/v35/cohortAnalysis/GCTB-DKFZ	tumor-control.tumor-only	0	NA	NA	NA	NA	NA	Giant_Cell_Tumor_of_the_Bone	NA	.	.	.	GCTB-DKFZ	
HNSC_HPV-US	/home/umuttoprak/Projects/SOPHIA/v35/cohortAnalysis/HNSC_HPV-US	/home/umuttoprak/Projects/SOPHIA/v35/cohortAnalysis/HNSC_HPV-US	tumor-control.tumor-only	0	/home/umuttoprak/Projects/SOPHIA/tcgaMetadata/tcgaRNAMeth//HNSC_HPV-US/HNSC_HPV-US.RPPA.tsv.gz	RPPA	/home/umuttoprak/Projects/SOPHIA/tcgaMetadata/tcgaRNAMeth//HNSC_HPV-US/HNSC_HPV-US.CPM-TMM.tsv.gz	log2_TMM_CPM	/home/umuttoprak/Projects/SOPHIA/tcgaMetadata/tcgaRNAMeth//HNSC_HPV-US/HNSC_HPV-US.methylation450_postfiltered.tsv.gz	HPV_Positive_Head_and_Neck_Cancer,HPV_Positive_Head_and_Neck_Squamous_Cell_Carcinoma,TCGA-HNSC,TCGA_Head_and_Neck	/home/umuttoprak/Projects/SOPHIA/tcgaMetadata/tcgaRNAMeth/HNSC_HPV-US/HNSC_HPV-US.clinicalMatrix.tsv.gz	.	.	.	HNSC_HPV-US	
HNSC_nonHPV-US	/home/umuttoprak/Projects/SOPHIA/v35/cohortAnalysis/HNSC_nonHPV-US	/home/umuttoprak/Projects/SOPHIA/v35/cohortAnalysis/HNSC_nonHPV-US	tumor-control.tumor-only	0	/home/umuttoprak/Projects/SOPHIA/tcgaMetadata/tcgaRNAMeth//HNSC_nonHPV-US/HNSC_nonHPV-US.RPPA.tsv.gz	RPPA	/home/umuttoprak/Projects/SOPHIA/tcgaMetadata/tcgaRNAMeth//HNSC_nonHPV-US/HNSC_nonHPV-US.CPM-TMM.tsv.gz	log2_TMM_CPM	/home/umuttoprak/Projects/SOPHIA/tcgaMetadata/tcgaRNAMeth//HNSC_nonHPV-US/HNSC_nonHPV-US.methylation450_postfiltered.tsv.gz	HPV_Negative_Head_and_Neck_Cancer,HPV_Negative_Head_and_Neck_Squamous_Cell_Carcinoma,TCGA-HNSC,TCGA_Head_and_Neck	/home/umuttoprak/Projects/SOPHIA/tcgaMetadata/tcgaRNAMeth/HNSC_nonHPV-US/HNSC_nonHPV-US.clinicalMatrix.tsv.gz	.	.	.	HNSC_nonHPV-US	
HNSC-US	/home/umuttoprak/Projects/SOPHIA/v35/cohortAnalysis/HNSC-US	/home/umuttoprak/Projects/SOPHIA/v35/cohortAnalysis/HNSC-US	tumor-control.tumor-only	0	/home/umuttoprak/Projects/SOPHIA/tcgaMetadata/tcgaRNAMeth//HNSC-US/HNSC-US.RPPA.tsv.gz	RPPA	/home/umuttoprak/Projects/SOPHIA/tcgaMetadata/tcgaRNAMeth//HNSC-US/HNSC-US.CPM-TMM.tsv.gz	log2_TMM_CPM	/home/umuttoprak/Projects/SOPHIA/tcgaMetadata/tcgaRNAMeth//HNSC-US/HNSC-US.methylation450_postfiltered.tsv.gz	Head_and_Neck_Squamous_Cell_Carcinoma,TCGA-HNSC,TCGA_Head_and_Neck	/home/umuttoprak/Projects/SOPHIA/tcgaMetadata/tcgaRNAMeth/HNSC-US/HNSC-US.clinicalMatrix.tsv.gz	.	.	.	HNSC-US	
KICH-US	/home/umuttoprak/Projects/SOPHIA/v35/cohortAnalysis/KICH-US	/home/umuttoprak/Projects/SOPHIA/v35/cohortAnalysis/KICH-US	tumor-control.tumor-only	0	/home/umuttoprak/Projects/SOPHIA/tcgaMetadata/tcgaRNAMeth//KICH-US/KICH-US.RPPA.tsv.gz	RPPA	/home/umuttoprak/Projects/SOPHIA/tcgaMetadata/tcgaRNAMeth//KICH-US/KICH-US.CPM-TMM.tsv.gz	log2_TMM_CPM	/home/umuttoprak/Projects/SOPHIA/tcgaMetadata/tcgaRNAMeth//KICH-US/KICH-US.methylation450_postfiltered.tsv.gz	Kidney_Chromophobe_Cancer,TCGA-KICH,TCGA_Chromophobe	/home/umuttoprak/Projects/SOPHIA/tcgaMetadata/tcgaRNAMeth/KICH-US/KICH-US.clinicalMatrix.tsv.gz	.	.	.	KICH-US	
KIRC-US	/home/umuttoprak/Projects/SOPHIA/v35/cohortAnalysis/KIRC-US	/home/umuttoprak/Projects/SOPHIA/v35/cohortAnalysis/KIRC-US	tumor-control.tumor-only	0	/home/umuttoprak/Projects/SOPHIA/tcgaMetadata/tcgaRNAMeth//KIRC-US/KIRC-US.RPPA.tsv.gz	RPPA	/home/umuttoprak/Projects/SOPHIA/tcgaMetadata/tcgaRNAMeth//KIRC-US/KIRC-US.CPM-TMM.tsv.gz	log2_TMM_CPM	/home/umuttoprak/Projects/SOPHIA/tcgaMetadata/tcgaRNAMeth//KIRC-US/KIRC-US.methylation450_postfiltered.tsv.gz	Kidney_Renal_Clear_Cell_Carcinoma,TCGA-KIRC,TCGA_Renal_Cell	/home/umuttoprak/Projects/SOPHIA/tcgaMetadata/tcgaRNAMeth/KIRC-US/KIRC-US.clinicalMatrix.tsv.gz	.	.	.	KIRC-US	
KIRP-US	/home/umuttoprak/Projects/SOPHIA/v35/cohortAnalysis/KIRP-US	/home/umuttoprak/Projects/SOPHIA/v35/cohortAnalysis/KIRP-US	tumor-control.tumor-only	0	/home/umuttoprak/Projects/SOPHIA/tcgaMetadata/tcgaRNAMeth//KIRP-US/KIRP-US.RPPA.tsv.gz	RPPA	/home/umuttoprak/Projects/SOPHIA/tcgaMetadata/tcgaRNAMeth//KIRP-US/KIRP-US.CPM-TMM.tsv.gz	log2_TMM_CPM	/home/umuttoprak/Projects/SOPHIA/tcgaMetadata/tcgaRNAMeth//KIRP-US/KIRP-US.methylation450_postfiltered.tsv.gz	Kidney_Renal_Papillary_Cell_Carcinoma,TCGA-KIRP,TCGA_Renal_Papillary	/home/umuttoprak/Projects/SOPHIA/tcgaMetadata/tcgaRNAMeth/KIRP-US/KIRP-US.clinicalMatrix.tsv.gz	.	.	.	KIRP-US	
LAML-KR	/home/umuttoprak/Projects/SOPHIA/v35/cohortAnalysis/LAML-KR	/home/umuttoprak/Projects/SOPHIA/v35/cohortAnalysis/LAML-KR	tumor-control.tumor-only	0	NA	NA	NA	NA	NA	AML,Acute_Myeloid_Leukemia	/home/umuttoprak/Projects/SOPHIA/tcgaMetadata/PCAWG/merged/LAML-KR/LAML-KR_merged.tsv.gz	.	.	.	LAML-KR	
LAML-US	/home/umuttoprak/Projects/SOPHIA/v35/cohortAnalysis/LAML-US	/home/umuttoprak/Projects/SOPHIA/v35/cohortAnalysis/LAML-US	tumor-control.tumor-only	0	NA	NA	/home/umuttoprak/Projects/SOPHIA/tcgaMetadata/tcgaRNAMeth//LAML-US/LAML-US.CPM-TMM.tsv.gz	log2_TMM_CPM	/home/umuttoprak/Projects/SOPHIA/tcgaMetadata/tcgaRNAMeth//LAML-US/LAML-US.methylation450_postfiltered.tsv.gz	AML,Acute_Myeloid_Leukemia,TCGA-LAML,TCGA_Leukemia	/home/umuttoprak/Projects/SOPHIA/tcgaMetadata/tcgaRNAMeth/LAML-US/LAML-US.clinicalMatrix.tsv.gz	.	.	.	LAML-US	
LGG-US	/home/umuttoprak/Projects/SOPHIA/v35/cohortAnalysis/LGG-US	/home/umuttoprak/Projects/SOPHIA/v35/cohortAnalysis/LGG-US	tumor-control.tumor-only	0	/home/umuttoprak/Projects/SOPHIA/tcgaMetadata/tcgaRNAMeth//LGG-US/LGG-US.RPPA.tsv.gz	RPPA	/home/umuttoprak/Projects/SOPHIA/tcgaMetadata/tcgaRNAMeth//LGG-US/LGG-US.CPM-TMM.tsv.gz	log2_TMM_CPM	/home/umuttoprak/Projects/SOPHIA/tcgaMetadata/tcgaRNAMeth//LGG-US/LGG-US.methylation450_postfiltered.tsv.gz	Low-grade_Glioma,TCGA-LGG,TCGA_Glioma	/home/umuttoprak/Projects/SOPHIA/tcgaMetadata/tcgaRNAMeth/LGG-US/LGG-US.clinicalMatrix.tsv.gz	.	.	.	LGG-US	
LICA-FR	/home/umuttoprak/Projects/SOPHIA/v35/cohortAnalysis/LICA-FR	/home/umuttoprak/Projects/SOPHIA/v35/cohortAnalysis/LICA-FR	tumor-control.tumor-only	0	NA	NA	NA	NA	NA	Liver_Cancer	/home/umuttoprak/Projects/SOPHIA/tcgaMetadata/PCAWG/merged/LICA-FR/LICA-FR_merged.tsv.gz	.	.	.	LICA-FR	
LIHC-US	/home/umuttoprak/Projects/SOPHIA/v35/cohortAnalysis/LIHC-US	/home/umuttoprak/Projects/SOPHIA/v35/cohortAnalysis/LIHC-US	tumor-control.tumor-only	0	/home/umuttoprak/Projects/SOPHIA/tcgaMetadata/tcgaRNAMeth//LIHC-US/LIHC-US.RPPA.tsv.gz	RPPA	/home/umuttoprak/Projects/SOPHIA/tcgaMetadata/tcgaRNAMeth//LIHC-US/LIHC-US.CPM-TMM.tsv.gz	log2_TMM_CPM	/home/umuttoprak/Projects/SOPHIA/tcgaMetadata/tcgaRNAMeth//LIHC-US/LIHC-US.methylation450_postfiltered.tsv.gz	Liver_Hepatocellular_Carcinoma,TCGA-LIHC,TCGA_Liver	/home/umuttoprak/Projects/SOPHIA/tcgaMetadata/tcgaRNAMeth/LIHC-US/LIHC-US.clinicalMatrix.tsv.gz	.	.	.	LIHC-US	
LINC-JP	/home/umuttoprak/Projects/SOPHIA/v35/cohortAnalysis/LINC-JP	/home/umuttoprak/Projects/SOPHIA/v35/cohortAnalysis/LINC-JP	tumor-control.tumor-only	0	NA	NA	NA	NA	NA	Liver_Hepatocellular_Carcinoma	/home/umuttoprak/Projects/SOPHIA/tcgaMetadata/PCAWG/merged/LINC-JP/LINC-JP_merged.tsv.gz	.	.	.	LINC-JP	
LIPONEURO-DKFZ	/home/umuttoprak/Projects/SOPHIA/v35/cohortAnalysis/LIPONEURO-DKFZ 	/home/umuttoprak/Projects/SOPHIA/v35/cohortAnalysis/LIPONEURO-DKFZ 	tumor-normal.tumor-only	0	NA	NA	/home/umuttoprak/Projects/SOPHIA/tcgaMetadata/countData/normalized/LIPONEURO-DKFZ.CPM-TMM.tsv.gz	log2_TMM_CPM	NA	Cerebellar_Liponeurocytoma	NA	SKIP	.	.	LIPONEURO-DKFZ	DO IT LATER
LIRI-JP	/home/umuttoprak/Projects/SOPHIA/v35/cohortAnalysis/LIRI-JP	/home/umuttoprak/Projects/SOPHIA/v35/cohortAnalysis/LIRI-JP	tumor-control.tumor1-control.tumor2-control.tumor3-control.tumor4-control.tumor5-control.tumor6-control.tumor7-control.tumor8-control.tumor9control-tumor10-control.tumor-only	0	NA	NA	/home/umuttoprak/Projects/SOPHIA/tcgaMetadata/countData/normalized/LIRI-JP.dedup.CPM-TMM.tsv.gz	log2_TMM_CPM	NA	Liver_Hepatocellular_Carcinoma	/home/umuttoprak/Projects/SOPHIA/tcgaMetadata/PCAWG/merged/LIRI-JP/LIRI-JP_merged.tsv.gz	SKIP	.	.	LIRI-JP	DO IT LATER
LUAD-US	/home/umuttoprak/Projects/SOPHIA/v35/cohortAnalysis/LUAD-US	/home/umuttoprak/Projects/SOPHIA/v35/cohortAnalysis/LUAD-US	tumor-control.tumor-only	0	/home/umuttoprak/Projects/SOPHIA/tcgaMetadata/tcgaRNAMeth//LUAD-US/LUAD-US.RPPA.tsv.gz	RPPA	/home/umuttoprak/Projects/SOPHIA/tcgaMetadata/tcgaRNAMeth//LUAD-US/LUAD-US.CPM-TMM.tsv.gz	log2_TMM_CPM	/home/umuttoprak/Projects/SOPHIA/tcgaMetadata/tcgaRNAMeth//LUAD-US/LUAD-US.methylation450_postfiltered.tsv.gz	Lung_Adenocarcinoma,TCGA-LUAD	/home/umuttoprak/Projects/SOPHIA/tcgaMetadata/tcgaRNAMeth/LUAD-US/LUAD-US.clinicalMatrix.tsv.gz	.	.	.	LUAD-US	
LUSC-US	/home/umuttoprak/Projects/SOPHIA/v35/cohortAnalysis/LUSC-US	/home/umuttoprak/Projects/SOPHIA/v35/cohortAnalysis/LUSC-US	tumor-control.tumor-only	0	/home/umuttoprak/Projects/SOPHIA/tcgaMetadata/tcgaRNAMeth//LUSC-US/LUSC-US.RPPA.tsv.gz	RPPA	/home/umuttoprak/Projects/SOPHIA/tcgaMetadata/tcgaRNAMeth//LUSC-US/LUSC-US.CPM-TMM.tsv.gz	log2_TMM_CPM	/home/umuttoprak/Projects/SOPHIA/tcgaMetadata/tcgaRNAMeth//LUSC-US/LUSC-US.methylation450_postfiltered.tsv.gz	Lung_Squamous_Cell_Carcinoma,TCGA-LUSC	/home/umuttoprak/Projects/SOPHIA/tcgaMetadata/tcgaRNAMeth/LUSC-US/LUSC-US.clinicalMatrix.tsv.gz	.	.	.	LUSC-US	
MB_GROUP3-DKFZ	/home/umuttoprak/Projects/SOPHIA/v35/cohortAnalysis/MB_GROUP3-DKFZ	/home/umuttoprak/Projects/SOPHIA/v35/cohortAnalysis/MB_GROUP3-DKFZ	tumor-control.tumor-only	0	NA	NA	/home/umuttoprak/Projects/SOPHIA/tcgaMetadata/countData/normalized/subgrouping/MB_GROUP3-DKFZ/MB_GROUP3-DKFZ.affy.dedup.tsv.extracted.gz	log2_MASS5-u133p2	NA	Medulloblastoma,Group_3_Medulloblastoma	/home/umuttoprak/Projects/SOPHIA/tcgaMetadata/MB-DKFZ/MB-DKFZ_metadata.tsv.gz	.	.	.	MB_GROUP3-DKFZ	
MB_GROUP4-DKFZ	/home/umuttoprak/Projects/SOPHIA/v35/cohortAnalysis/MB_GROUP4-DKFZ	/home/umuttoprak/Projects/SOPHIA/v35/cohortAnalysis/MB_GROUP4-DKFZ	tumor-control.tumor-only	0	NA	NA	/home/umuttoprak/Projects/SOPHIA/tcgaMetadata/countData/normalized/subgrouping/MB_GROUP4-DKFZ/MB_GROUP4-DKFZ.affy.dedup.tsv.extracted.gz	log2_MASS5-u133p2	NA	Medulloblastoma,Group_4_Medulloblastoma	/home/umuttoprak/Projects/SOPHIA/tcgaMetadata/MB-DKFZ/MB-DKFZ_metadata.tsv.gz	.	.	.	MB_GROUP4-DKFZ	
MB_SHH-DKFZ	/home/umuttoprak/Projects/SOPHIA/v35/cohortAnalysis/MB_SHH-DKFZ	/home/umuttoprak/Projects/SOPHIA/v35/cohortAnalysis/MB_SHH-DKFZ	tumor-control.tumor-only	0	NA	NA	/home/umuttoprak/Projects/SOPHIA/tcgaMetadata/countData/normalized/subgrouping/MB_SHH-DKFZ/MB_SHH-DKFZ.affy.dedup.tsv.extracted.gz	log2_MASS5-u133p2	NA	Medulloblastoma,SHH_Medulloblastoma	/home/umuttoprak/Projects/SOPHIA/tcgaMetadata/MB-DKFZ/MB-DKFZ_metadata.tsv.gz	.	.	.	MB_SHH-DKFZ	
MB_WNT-DKFZ	/home/umuttoprak/Projects/SOPHIA/v35/cohortAnalysis/MB_WNT-DKFZ	/home/umuttoprak/Projects/SOPHIA/v35/cohortAnalysis/MB_WNT-DKFZ	tumor-control.tumor-only	0	NA	NA	/home/umuttoprak/Projects/SOPHIA/tcgaMetadata/countData/normalized/subgrouping/MB_WNT-DKFZ/MB_WNT-DKFZ.affy.dedup.tsv.extracted.gz	log2_MASS5-u133p2	NA	Medulloblastoma,WNT_Medulloblastoma	/home/umuttoprak/Projects/SOPHIA/tcgaMetadata/MB-DKFZ/MB-DKFZ_metadata.tsv.gz	.	.	.	MB_WNT-DKFZ	
MB-DKFZ	/home/umuttoprak/Projects/SOPHIA/v35/cohortAnalysis/MB-DKFZ	/home/umuttoprak/Projects/SOPHIA/v35/cohortAnalysis/MB-DKFZ	tumor-control.tumor-only	0	NA	NA	/home/umuttoprak/Projects/SOPHIA/tcgaMetadata/countData/normalized/MB-DKFZ.affy.dedup.tsv.gz	log2_MASS5-u133p2	NA	Medulloblastoma	/home/umuttoprak/Projects/SOPHIA/tcgaMetadata/MB-DKFZ/MB-DKFZ_metadata.tsv.gz	.	.	.	MB-DKFZ	
MBext_TSNE34_I-DKFZ	/home/umuttoprak/Projects/SOPHIA/v35/cohortAnalysis/MBext_TSNE34_I-DKFZ	/home/umuttoprak/Projects/SOPHIA/v35/cohortAnalysis/MBext_TSNE34_I-DKFZ	tumor-control.tumor-only	0	NA	NA	/home/umuttoprak/Projects/SOPHIA/tcgaMetadata/countData/normalized/subgrouping/MBext_TSNE34_I-DKFZ/MBext_TSNE34_I-DKFZ.affy.dedup.tsv.extracted.gz	log2_MASS5-u133p2	NA	Medulloblastoma	/home/umuttoprak/Projects/SOPHIA/tcgaMetadata/MB-DKFZ/MB-DKFZ_metadata.tsv.gz	.	.	.	MBext_TSNE34_I-DKFZ	
MBext_TSNE34_II-DKFZ	/home/umuttoprak/Projects/SOPHIA/v35/cohortAnalysis/MBext_TSNE34_II-DKFZ	/home/umuttoprak/Projects/SOPHIA/v35/cohortAnalysis/MBext_TSNE34_II-DKFZ	tumor-control.tumor-only	0	NA	NA	/home/umuttoprak/Projects/SOPHIA/tcgaMetadata/countData/normalized/subgrouping/MBext_TSNE34_II-DKFZ/MBext_TSNE34_II-DKFZ.affy.dedup.tsv.extracted.gz	log2_MASS5-u133p2	NA	Medulloblastoma	/home/umuttoprak/Projects/SOPHIA/tcgaMetadata/MB-DKFZ/MB-DKFZ_metadata.tsv.gz	.	.	.	MBext_TSNE34_II-DKFZ	
MBext_TSNE34_III-DKFZ	/home/umuttoprak/Projects/SOPHIA/v35/cohortAnalysis/MBext_TSNE34_III-DKFZ	/home/umuttoprak/Projects/SOPHIA/v35/cohortAnalysis/MBext_TSNE34_III-DKFZ	tumor-control.tumor-only	0	NA	NA	/home/umuttoprak/Projects/SOPHIA/tcgaMetadata/countData/normalized/subgrouping/MBext_TSNE34_III-DKFZ/MBext_TSNE34_III-DKFZ.affy.dedup.tsv.extracted.gz	log2_MASS5-u133p2	NA	Medulloblastoma	/home/umuttoprak/Projects/SOPHIA/tcgaMetadata/MB-DKFZ/MB-DKFZ_metadata.tsv.gz	.	.	.	MBext_TSNE34_III-DKFZ	
MBext_TSNE34_IV-DKFZ	/home/umuttoprak/Projects/SOPHIA/v35/cohortAnalysis/MBext_TSNE34_IV-DKFZ	/home/umuttoprak/Projects/SOPHIA/v35/cohortAnalysis/MBext_TSNE34_IV-DKFZ	tumor-control.tumor-only	0	NA	NA	/home/umuttoprak/Projects/SOPHIA/tcgaMetadata/countData/normalized/subgrouping/MBext_TSNE34_IV-DKFZ/MBext_TSNE34_IV-DKFZ.affy.dedup.tsv.extracted.gz	log2_MASS5-u133p2	NA	Medulloblastoma	/home/umuttoprak/Projects/SOPHIA/tcgaMetadata/MB-DKFZ/MB-DKFZ_metadata.tsv.gz	.	.	.	MBext_TSNE34_IV-DKFZ	
MBext_TSNE34_V-DKFZ	/home/umuttoprak/Projects/SOPHIA/v35/cohortAnalysis/MBext_TSNE34_V-DKFZ	/home/umuttoprak/Projects/SOPHIA/v35/cohortAnalysis/MBext_TSNE34_V-DKFZ	tumor-control.tumor-only	0	NA	NA	/home/umuttoprak/Projects/SOPHIA/tcgaMetadata/countData/normalized/subgrouping/MBext_TSNE34_V-DKFZ/MBext_TSNE34_V-DKFZ.affy.dedup.tsv.extracted.gz	log2_MASS5-u133p2	NA	Medulloblastoma	/home/umuttoprak/Projects/SOPHIA/tcgaMetadata/MB-DKFZ/MB-DKFZ_metadata.tsv.gz	.	.	.	MBext_TSNE34_V-DKFZ	
MBext_TSNE34_VI-DKFZ	/home/umuttoprak/Projects/SOPHIA/v35/cohortAnalysis/MBext_TSNE34_VI-DKFZ	/home/umuttoprak/Projects/SOPHIA/v35/cohortAnalysis/MBext_TSNE34_VI-DKFZ	tumor-control.tumor-only	0	NA	NA	/home/umuttoprak/Projects/SOPHIA/tcgaMetadata/countData/normalized/subgrouping/MBext_TSNE34_VI-DKFZ/MBext_TSNE34_VI-DKFZ.affy.dedup.tsv.extracted.gz	log2_MASS5-u133p2	NA	Medulloblastoma	/home/umuttoprak/Projects/SOPHIA/tcgaMetadata/MB-DKFZ/MB-DKFZ_metadata.tsv.gz	.	.	.	MBext_TSNE34_VI-DKFZ	
MBext_TSNE34_VII-DKFZ	/home/umuttoprak/Projects/SOPHIA/v35/cohortAnalysis/MBext_TSNE34_VII-DKFZ	/home/umuttoprak/Projects/SOPHIA/v35/cohortAnalysis/MBext_TSNE34_VII-DKFZ	tumor-control.tumor-only	0	NA	NA	/home/umuttoprak/Projects/SOPHIA/tcgaMetadata/countData/normalized/subgrouping/MBext_TSNE34_VII-DKFZ/MBext_TSNE34_VII-DKFZ.affy.dedup.tsv.extracted.gz	log2_MASS5-u133p2	NA	Medulloblastoma	/home/umuttoprak/Projects/SOPHIA/tcgaMetadata/MB-DKFZ/MB-DKFZ_metadata.tsv.gz	.	.	.	MBext_TSNE34_VII-DKFZ	
MBext_TSNE34_VIII-DKFZ	/home/umuttoprak/Projects/SOPHIA/v35/cohortAnalysis/MBext_TSNE34_VIII-DKFZ	/home/umuttoprak/Projects/SOPHIA/v35/cohortAnalysis/MBext_TSNE34_VIII-DKFZ	tumor-control.tumor-only	0	NA	NA	/home/umuttoprak/Projects/SOPHIA/tcgaMetadata/countData/normalized/subgrouping/MBext_TSNE34_VIII-DKFZ/MBext_TSNE34_VIII-DKFZ.affy.dedup.tsv.extracted.gz	log2_MASS5-u133p2	NA	Medulloblastoma	/home/umuttoprak/Projects/SOPHIA/tcgaMetadata/MB-DKFZ/MB-DKFZ_metadata.tsv.gz	.	.	.	MBext_TSNE34_VIII-DKFZ	
MELA-AU	/home/umuttoprak/Projects/SOPHIA/v35/cohortAnalysis/MELA-AU	/home/umuttoprak/Projects/SOPHIA/v35/cohortAnalysis/MELA-AU	tumor-control.tumor-only	0	NA	NA	NA	NA	NA	Skin_Cancer,Melanoma	/home/umuttoprak/Projects/SOPHIA/tcgaMetadata/PCAWG/merged/MELA-AU/MELA-AU_merged.tsv.gz	.	.	.	MELA-AU	
MM_early-US	/home/umuttoprak/Projects/SOPHIA/v35/cohortAnalysis/MM-US	/home/umuttoprak/Projects/SOPHIA/v35/cohortAnalysis/MM_early-US	tumor-control.tumor-only	1	NA	NA	/home/umuttoprak/Projects/SOPHIA/tcgaMetadata/countData/normalized/MM-US.CPM-TMM.tsv.gz	log2_TMM_CPM	NA	Multiple_Myeloma	NA	.	.	.	MM_early-US	
MM-COLLAB	/home/umuttoprak/Projects/SOPHIA/v35/cohortAnalysis/MM-COLLAB	/home/umuttoprak/Projects/SOPHIA/v35/cohortAnalysis/MM-COLLAB	tumor02-control.tumor02-control02.tumor02-control03.tumor02-only.tumor-control.tumor1-control1.tumor-control02.tumor-control03.tumor03-control1.tumor03-only.tumor2-control1.relapse-control.tumor02-only.tumor2-only	1	NA	NA	/home/umuttoprak/Projects/SOPHIA/tcgaMetadata/countData/normalized/RMM-DKFZ.CPM-TMM.tsv.gz	log2_TMM_CPM	NA	Multiple_Myeloma	/home/umuttoprak/Projects/SOPHIA/tcgaMetadata/MULT.MYELOMA-DKFZ/cohortMetadata.csv	.	.	.	MM-COLLAB	
MM-US	/home/umuttoprak/Projects/SOPHIA/v35/cohortAnalysis/MM-US	/home/umuttoprak/Projects/SOPHIA/v35/cohortAnalysis/MM-US	tumor-control.relapse-control.tumor-only	1	NA	NA	/home/umuttoprak/Projects/SOPHIA/tcgaMetadata/countData/normalized/MM-US.CPM-TMM.tsv.gz	log2_TMM_CPM	NA	Multiple_Myeloma	NA	.	.	.	MM-US	
MNG-DKFZ	/home/umuttoprak/Projects/SOPHIA/v35/cohortAnalysis/MNG-DKFZ	/home/umuttoprak/Projects/SOPHIA/v35/cohortAnalysis/MNG-DKFZ	tumor-blood.tumor-only	0	NA	NA	/home/umuttoprak/Projects/SOPHIA/tcgaMetadata/countData/normalized/MNG-DKFZ.CPM-TMM.tsv.gz	log2_TMM_CPM	NA	Meningioma	NA	.	.	.	MNG-DKFZ	
MPNST_normal-DKFZ	/home/umuttoprak/Projects/SOPHIA/v35/cohortAnalysis/MPNST_normal-DKFZ	/home/umuttoprak/Projects/SOPHIA/v35/cohortAnalysis/MPNST_normal-DKFZ	tumor-control.tumor-blood.tumor-only	0	NA	NA	/home/umuttoprak/Projects/SOPHIA/tcgaMetadata/countData/normalized/subgrouping/MPNST_normal-DKFZ/MPNST_normal-DKFZ.CPM-TMM.tsv.extracted.gz	log2_TMM_CPM	NA	MPNST,Malignant_Peripheral_Nerve_Sheath_Tumor	NA	.	.	.	MPNST_normal-DKFZ	
MPNST_paraspinal-DKFZ	/home/umuttoprak/Projects/SOPHIA/v35/cohortAnalysis/MPNST_paraspinal-DKFZ	/home/umuttoprak/Projects/SOPHIA/v35/cohortAnalysis/MPNST_paraspinal-DKFZ	tumor-control.tumor-blood.tumor-only	0	NA	NA	/home/umuttoprak/Projects/SOPHIA/tcgaMetadata/countData/normalized/subgrouping/MPNST_paraspinal-DKFZ/MPNST_paraspinal-DKFZ.CPM-TMM.tsv.extracted.gz	log2_TMM_CPM	NA	MPNST,Malignant_Peripheral_Nerve_Sheath_Tumor	NA	.	.	.	MPNST_paraspinal-DKFZ	
MPNST-DKFZ	/home/umuttoprak/Projects/SOPHIA/v35/cohortAnalysis/MPNST-DKFZ	/home/umuttoprak/Projects/SOPHIA/v35/cohortAnalysis/MPNST-DKFZ	tumor-control.tumor-blood.tumor-only	0	NA	NA	/home/umuttoprak/Projects/SOPHIA/tcgaMetadata/countData/normalized/MPNST-DKFZ.CPM-TMM.tsv.gz	log2_TMM_CPM	NA	MPNST,Malignant_Peripheral_Nerve_Sheath_Tumor	NA	.	.	.	MPNST-DKFZ	
NB_noCL-DKFZ	/home/umuttoprak/Projects/SOPHIA/v35/cohortAnalysis/NB-DKFZ	/home/umuttoprak/Projects/SOPHIA/v35/cohortAnalysis/NB_noCL-DKFZ	tumor1-blood1.tumor-control.pdx-tumor-control.relapse-control.tumor1-only.tumor-only.relapse-only	0	NA	NA	/home/umuttoprak/Projects/SOPHIA/tcgaMetadata/countData/normalized/NB_noCL-DKFZ.CPM-TMM.tsv.gz	log2_TMM_CPM	NA	Neuroblastoma	/home/umuttoprak/Projects/SOPHIA/tcgaMetadata/NB-DKFZ/Metadata_WGS_cohort_27_8_18_inclIDs.tsv.gz	.	.	.	NB_noCL-DKFZ	
NB_relapse-PMC	/home/umuttoprak/Projects/SOPHIA/v35/cohortAnalysis/NB-PMC	/home/umuttoprak/Projects/SOPHIA/v35/cohortAnalysis/NB_relapse-PMC	relapse01-blood01.relapse01-only	0	NA	NA	NA	NA	NA	Neuroblastoma	NA	SKIP	.	.	NB_relapse-PMC	DO IT LATER
NB_tumor-PMC	/home/umuttoprak/Projects/SOPHIA/v35/cohortAnalysis/NB-PMC	/home/umuttoprak/Projects/SOPHIA/v35/cohortAnalysis/NB_tumor-PMC	tumor01-blood01.tumor01-only	0	NA	NA	NA	NA	NA	Neuroblastoma	NA	SKIP	.	.	NB_tumor-PMC	DO IT LATER
NB-PMC	/home/umuttoprak/Projects/SOPHIA/v35/cohortAnalysis/NB-PMC	/home/umuttoprak/Projects/SOPHIA/v35/cohortAnalysis/NB-PMC	tumor01-blood01.relapse01-blood01.tumor01-only.relapse01-only	0	NA	NA	NA	NA	NA	Neuroblastoma	NA	SKIP	.	.	NB-PMC	DO IT LATER
ORCA-IN	/home/umuttoprak/Projects/SOPHIA/v35/cohortAnalysis/ORCA-IN	/home/umuttoprak/Projects/SOPHIA/v35/cohortAnalysis/ORCA-IN	tumor-control.tumor-only	0	NA	NA	NA	NA	NA	Oral_Cancer	/home/umuttoprak/Projects/SOPHIA/tcgaMetadata/PCAWG/merged/ORCA-IN/ORCA-IN_merged.tsv.gz	.	.	.	ORCA-IN	
OV-AU	/home/umuttoprak/Projects/SOPHIA/v35/cohortAnalysis/OV-AU	/home/umuttoprak/Projects/SOPHIA/v35/cohortAnalysis/OV-AU	tumor-control.tumor-only	0	NA	NA	/home/umuttoprak/Projects/SOPHIA/tcgaMetadata/countData/normalized/OV-AU.CPM-TMM.tsv.gz	log2_TMM_CPM	NA	Ovarian_Cancer	/home/umuttoprak/Projects/SOPHIA/tcgaMetadata/PCAWG/merged/OV-AU/OV-AU_merged.tsv.gz	.	.	.	OV-AU	
OV-US	/home/umuttoprak/Projects/SOPHIA/v35/cohortAnalysis/OV-US	/home/umuttoprak/Projects/SOPHIA/v35/cohortAnalysis/OV-US	tumor-control.tumor-only	0	/home/umuttoprak/Projects/SOPHIA/tcgaMetadata/tcgaRNAMeth//OV-US/OV-US.RPPA.tsv.gz	RPPA	/home/umuttoprak/Projects/SOPHIA/tcgaMetadata/tcgaRNAMeth//OV-US/OV-US.CPM-TMM.tsv.gz	log2_TMM_CPM	/home/umuttoprak/Projects/SOPHIA/tcgaMetadata/tcgaRNAMeth//OV-US/OV-US.methylation450_postfiltered.tsv.gz	Ovarian_Cancer,Ovarian_Serous_Cystadenocarcinoma	/home/umuttoprak/Projects/SOPHIA/tcgaMetadata/tcgaRNAMeth/OV-US/OV-US.clinicalMatrix.tsv.gz	.	.	.	OV-US	
PA-DKFZ	/home/umuttoprak/Projects/SOPHIA/v35/cohortAnalysis/PA-DKFZ	/home/umuttoprak/Projects/SOPHIA/v35/cohortAnalysis/PA-DKFZ	tumor-control.tumor-only	0	NA	NA	NA	NA	NA	Pilocytic_Astrocytoma	NA	.	.	.	PA-DKFZ	
PACA-AU	/home/umuttoprak/Projects/SOPHIA/v35/cohortAnalysis/PACA-AU	/home/umuttoprak/Projects/SOPHIA/v35/cohortAnalysis/PACA-AU	tumor-control.tumor-only	0	NA	NA	/home/umuttoprak/Projects/SOPHIA/tcgaMetadata/countData/normalized/PACA-AU.CPM-TMM.tsv.gz	log2_TMM_CPM	NA	Pancreatic_Cancer,PDAC,Pancreatic_Ductal_Adenocarcinoma	/home/umuttoprak/Projects/SOPHIA/tcgaMetadata/PCAWG/merged/PACA-AU/PACA-AU_merged.tsv.gz	.	.	.	PACA-AU	
PACA-CA	/home/umuttoprak/Projects/SOPHIA/v35/cohortAnalysis/PACA-CA	/home/umuttoprak/Projects/SOPHIA/v35/cohortAnalysis/PACA-CA	tumor-control.tumor1-control.tumor2-control.tumor3-control.tumor4-control.tumor5-control.tumor6-control.tumor7-control.tumor8-control.tumor9control-tumor10-control.tumor-only	0	NA	NA	/home/umuttoprak/Projects/SOPHIA/tcgaMetadata/countData/normalized/PACA-CA.CPM-TMM.tsv.gz	log2_TMM_CPM	NA	Pancreatic_Cancer,PDAC,Pancreatic_Ductal_Adenocarcinoma	/home/umuttoprak/Projects/SOPHIA/tcgaMetadata/PCAWG/merged/PACA-CA/PACA-CA_merged.tsv.gz	.	.	.	PACA-CA	
PAEN-AU	/home/umuttoprak/Projects/SOPHIA/v35/cohortAnalysis/PAEN-AU	/home/umuttoprak/Projects/SOPHIA/v35/cohortAnalysis/PAEN-AU	tumor-control.tumor-only	0	NA	NA	/home/umuttoprak/Projects/SOPHIA/tcgaMetadata/countData/normalized/PAEN-AU.CPM-TMM.tsv.gz	log2_TMM_CPM	NA	Pancreatic_Endocrine_Cancer	/home/umuttoprak/Projects/SOPHIA/tcgaMetadata/PCAWG/merged/PAEN-AU/PAEN-AU_merged.tsv.gz	.	.	.	PAEN-AU	
PCNSL_ABC-DKFZ	/home/umuttoprak/Projects/SOPHIA/v35/cohortAnalysis/PCNSL_ABC-DKFZ	/home/umuttoprak/Projects/SOPHIA/v35/cohortAnalysis/PCNSL_ABC-DKFZ	tumor-blood.tumor-control.tumor-only	1	NA	NA	/home/umuttoprak/Projects/SOPHIA/tcgaMetadata/countData/normalized/PCNSL-DKFZ.CPM-TMM.tsv.gz	log2_TMM_CPM	NA	CNS_Lymphoma,Central_Nervous_System_Lymphoma	NA	.	.	.	PCNSL_ABC-DKFZ	
PCNSL_GCB-DKFZ	/home/umuttoprak/Projects/SOPHIA/v35/cohortAnalysis/PCNSL_GCB-DKFZ	/home/umuttoprak/Projects/SOPHIA/v35/cohortAnalysis/PCNSL_GCB-DKFZ	tumor-blood.tumor-control.tumor-only	1	NA	NA	/home/umuttoprak/Projects/SOPHIA/tcgaMetadata/countData/normalized/PCNSL-DKFZ.CPM-TMM.tsv.gz	log2_TMM_CPM	NA	CNS_Lymphoma,Central_Nervous_System_Lymphoma	NA	.	.	.	PCNSL_GCB-DKFZ	
PCNSL_META-DKFZ	/home/umuttoprak/Projects/SOPHIA/v35/cohortAnalysis/PCNSL_META-DKFZ	/home/umuttoprak/Projects/SOPHIA/v35/cohortAnalysis/PCNSL_META-DKFZ	tumor-blood.tumor-control.tumor-only.tumor-control.tumor01-control.tumor02-control.tumor01-only.tumor02-only.cell_line-only.cell_line01-only.cell_line02-only.tumor-only	1	NA	NA	NA	NA	NA	CNS_Lymphoma,Central_Nervous_System_Lymphoma	NA	.	.	.	PCNSL_META-DKFZ	
PCNSL_UNKNOWN-DKFZ	/home/umuttoprak/Projects/SOPHIA/v35/cohortAnalysis/PCNSL_UNKNOWN-DKFZ	/home/umuttoprak/Projects/SOPHIA/v35/cohortAnalysis/PCNSL_UNKNOWN-DKFZ	tumor-blood.tumor-control.tumor-only	1	NA	NA	/home/umuttoprak/Projects/SOPHIA/tcgaMetadata/countData/normalized/PCNSL-DKFZ.CPM-TMM.tsv.gz	log2_TMM_CPM	NA	CNS_Lymphoma,Central_Nervous_System_Lymphoma	NA	.	.	.	PCNSL_UNKNOWN-DKFZ	
PCNSL-DKFZ	/home/umuttoprak/Projects/SOPHIA/v35/cohortAnalysis/PCNSL-DKFZ	/home/umuttoprak/Projects/SOPHIA/v35/cohortAnalysis/PCNSL-DKFZ	tumor-blood.tumor-control.tumor-only	1	NA	NA	/home/umuttoprak/Projects/SOPHIA/tcgaMetadata/countData/normalized/PCNSL-DKFZ.CPM-TMM.tsv.gz	log2_TMM_CPM	NA	CNS_Lymphoma,Central_Nervous_System_Lymphoma	NA	.	.	.	PCNSL-DKFZ	
PGBM-DKFZ	/home/umuttoprak/Projects/SOPHIA/v35/cohortAnalysis/PGBM-DKFZ	/home/umuttoprak/Projects/SOPHIA/v35/cohortAnalysis/PGBM-DKFZ	tumor-control.cell_line-only.tumor-only	0	NA	NA	/home/umuttoprak/Projects/SOPHIA/tcgaMetadata/countData/normalized/PGBM-DKFZ.CPM-TMM.tsv.gz	log2_TMM_CPM	NA	Pediatric_Glioblastoma_Multiforme	NA	.	.	.	PGBM-DKFZ	
PRAD-CA	/home/umuttoprak/Projects/SOPHIA/v35/cohortAnalysis/PRAD-CA	/home/umuttoprak/Projects/SOPHIA/v35/cohortAnalysis/PRAD-CA	tumor-control.tumor-only	0	NA	NA	NA	NA	NA	Prostate_Cancer,Prostate_Adenocarcinoma	/home/umuttoprak/Projects/SOPHIA/tcgaMetadata/PCAWG/merged/PRAD-CA/PRAD-CA_merged.tsv.gz	.	.	.	PRAD-CA	
PRAD-UK	/home/umuttoprak/Projects/SOPHIA/v35/cohortAnalysis/PRAD-UK	/home/umuttoprak/Projects/SOPHIA/v35/cohortAnalysis/PRAD-UK	tumor-control.tumor1-control.tumor2-control.tumor3-control.tumor4-control.tumor5-control.tumor6-control.tumor7-control.tumor8-control.tumor9control-tumor10-control.tumor-only	0	NA	NA	NA	NA	NA	Prostate_Cancer,Prostate_Adenocarcinoma	/home/umuttoprak/Projects/SOPHIA/tcgaMetadata/PCAWG/merged/PRAD-UK/PRAD-UK_merged.tsv.gz	.	.	.	PRAD-UK	
PRAD-US	/home/umuttoprak/Projects/SOPHIA/v35/cohortAnalysis/PRAD-US	/home/umuttoprak/Projects/SOPHIA/v35/cohortAnalysis/PRAD-US	tumor-control.tumor-only	0	/home/umuttoprak/Projects/SOPHIA/tcgaMetadata/tcgaRNAMeth//PRAD-US/PRAD-US.RPPA.tsv.gz	RPPA	/home/umuttoprak/Projects/SOPHIA/tcgaMetadata/tcgaRNAMeth//PRAD-US/PRAD-US.CPM-TMM.tsv.gz	log2_TMM_CPM	/home/umuttoprak/Projects/SOPHIA/tcgaMetadata/tcgaRNAMeth//PRAD-US/PRAD-US.methylation450_postfiltered.tsv.gz	Prostate_Cancer,Prostate_Adenocarcinoma,TCGA-PRAD,TCGA_Prostate	/home/umuttoprak/Projects/SOPHIA/tcgaMetadata/tcgaRNAMeth/PRAD-US/PRAD-US.clinicalMatrix.tsv.gz	.	.	.	PRAD-US	
READ-US	/home/umuttoprak/Projects/SOPHIA/v35/cohortAnalysis/READ-US	/home/umuttoprak/Projects/SOPHIA/v35/cohortAnalysis/READ-US	tumor-control.tumor-only	0	/home/umuttoprak/Projects/SOPHIA/tcgaMetadata/tcgaRNAMeth//READ-US/READ-US.RPPA.tsv.gz	RPPA	/home/umuttoprak/Projects/SOPHIA/tcgaMetadata/tcgaRNAMeth//READ-US/READ-US.CPM-TMM.tsv.gz	log2_TMM_CPM	/home/umuttoprak/Projects/SOPHIA/tcgaMetadata/tcgaRNAMeth//READ-US/READ-US.methylation450_postfiltered.tsv.gz	Rectal_Cancer,Colorectal_Cancer,TCGA-READ,TCGA_Rectal	/home/umuttoprak/Projects/SOPHIA/tcgaMetadata/tcgaRNAMeth/READ-US/READ-US.clinicalMatrix.tsv.gz	.	.	.	READ-US	
RECA-EU	/home/umuttoprak/Projects/SOPHIA/v35/cohortAnalysis/RECA-EU	/home/umuttoprak/Projects/SOPHIA/v35/cohortAnalysis/RECA-EU	tumor-control.tumor-only	0	NA	NA	/home/umuttoprak/Projects/SOPHIA/tcgaMetadata/countData/normalized/RECA-EU.CPM-TMM.tsv.gz	log2_TMM_CPM	NA	Renal_Cell_Cancer	/home/umuttoprak/Projects/SOPHIA/tcgaMetadata/PCAWG/merged/RECA-EU/RECA-EU_merged.tsv.gz	.	.	.	RECA-EU	
RMM_ext-DKFZ	/home/umuttoprak/Projects/SOPHIA/v35/cohortAnalysis/RMM_ext-DKFZ	/home/umuttoprak/Projects/SOPHIA/v35/cohortAnalysis/RMM_ext-DKFZ	tumor02-control.tumor02-control02.tumor02-control03.tumor02-only.tumor-control.tumor1-control1.tumor-control02.tumor-control03.tumor03-control1.tumor03-only.tumor2-control1.tumor02-only.tumor2-only	1	NA	NA	/home/umuttoprak/Projects/SOPHIA/tcgaMetadata/countData/normalized/RMM_ext-DKFZ.CPM-TMM.tsv.gz	log2_TMM_CPM	NA	Multiple_Myeloma	/home/umuttoprak/Projects/SOPHIA/tcgaMetadata/MULT.MYELOMA-DKFZ/cohortMetadata.csv	.	.	.	RMM_ext-DKFZ	
RMM-DKFZ	/home/umuttoprak/Projects/SOPHIA/v35/cohortAnalysis/RMM-DKFZ	/home/umuttoprak/Projects/SOPHIA/v35/cohortAnalysis/RMM-DKFZ	tumor02-control.tumor02-control02.tumor02-control03.tumor02-only.tumor-control.tumor1-control1.tumor-control02.tumor-control03.tumor03-control1.tumor03-only.tumor2-control1.tumor02-only.tumor2-only	1	NA	NA	/home/umuttoprak/Projects/SOPHIA/tcgaMetadata/countData/normalized/RMM-DKFZ.CPM-TMM.tsv.gz	log2_TMM_CPM	NA	Multiple_Myeloma	/home/umuttoprak/Projects/SOPHIA/tcgaMetadata/MULT.MYELOMA-DKFZ/cohortMetadata.csv	.	.	.	RMM-DKFZ	
SARC-US	/home/umuttoprak/Projects/SOPHIA/v35/cohortAnalysis/SARC-US	/home/umuttoprak/Projects/SOPHIA/v35/cohortAnalysis/SARC-US	tumor-control.tumor-only	0	/home/umuttoprak/Projects/SOPHIA/tcgaMetadata/tcgaRNAMeth//SARC-US/SARC-US.RPPA.tsv.gz	RPPA	/home/umuttoprak/Projects/SOPHIA/tcgaMetadata/tcgaRNAMeth//SARC-US/SARC-US.CPM-TMM.tsv.gz	log2_TMM_CPM	/home/umuttoprak/Projects/SOPHIA/tcgaMetadata/tcgaRNAMeth//SARC-US/SARC-US.methylation450_postfiltered.tsv.gz	Sarcoma,TCGA-SARC,TCGA_Sarcoma	/home/umuttoprak/Projects/SOPHIA/tcgaMetadata/tcgaRNAMeth/SARC-US/SARC-US.clinicalMatrix.tsv.gz	.	.	.	SARC-US	
SKCM-US	/home/umuttoprak/Projects/SOPHIA/v35/cohortAnalysis/SKCM-US	/home/umuttoprak/Projects/SOPHIA/v35/cohortAnalysis/SKCM-US	tumor-control.tumor-only	0	/home/umuttoprak/Projects/SOPHIA/tcgaMetadata/tcgaRNAMeth//SKCM-US/SKCM-US.RPPA.tsv.gz	RPPA	/home/umuttoprak/Projects/SOPHIA/tcgaMetadata/tcgaRNAMeth//SKCM-US/SKCM-US.CPM-TMM.tsv.gz	log2_TMM_CPM	/home/umuttoprak/Projects/SOPHIA/tcgaMetadata/tcgaRNAMeth//SKCM-US/SKCM-US.methylation450_postfiltered.tsv.gz	Skin_Cancer,Melanoma,TCGA-SKCM,TCGA_Skin	/home/umuttoprak/Projects/SOPHIA/tcgaMetadata/tcgaRNAMeth/SKCM-US/SKCM-US.clinicalMatrix.tsv.gz	.	.	.	SKCM-US	
STAD-US	/home/umuttoprak/Projects/SOPHIA/v35/cohortAnalysis/STAD-US	/home/umuttoprak/Projects/SOPHIA/v35/cohortAnalysis/STAD-US	tumor-control.tumor-only	0	/home/umuttoprak/Projects/SOPHIA/tcgaMetadata/tcgaRNAMeth//STAD-US/STAD-US.RPPA.tsv.gz	RPPA	/home/umuttoprak/Projects/SOPHIA/tcgaMetadata/tcgaRNAMeth//STAD-US/STAD-US.CPM-TMM.tsv.gz	log2_TMM_CPM	/home/umuttoprak/Projects/SOPHIA/tcgaMetadata/tcgaRNAMeth//STAD-US/STAD-US.methylation450_postfiltered.tsv.gz	Stomach_Cancer,Gastric_Cancer,Gastric_Adenocarcinoma	/home/umuttoprak/Projects/SOPHIA/tcgaMetadata/tcgaRNAMeth/STAD-US/STAD-US.clinicalMatrix.tsv.gz	.	.	.	STAD-US	
T_ALL-DKFZ	/home/umuttoprak/Projects/SOPHIA/v35/cohortAnalysis/T_ALL-DKFZ	/home/umuttoprak/Projects/SOPHIA/v35/cohortAnalysis/T_ALL-DKFZ	tumor-control.tumor-only	1	NA	NA	NA	NA	NA	T-ALL	NA	.	.	.	T_ALL-DKFZ	
THCA-US	/home/umuttoprak/Projects/SOPHIA/v35/cohortAnalysis/THCA-US	/home/umuttoprak/Projects/SOPHIA/v35/cohortAnalysis/THCA-US	tumor-control.tumor-only	0	/home/umuttoprak/Projects/SOPHIA/tcgaMetadata/tcgaRNAMeth//THCA-US/THCA-US.RPPA.tsv.gz	RPPA	/home/umuttoprak/Projects/SOPHIA/tcgaMetadata/tcgaRNAMeth//THCA-US/THCA-US.CPM-TMM.tsv.gz	log2_TMM_CPM	/home/umuttoprak/Projects/SOPHIA/tcgaMetadata/tcgaRNAMeth//THCA-US/THCA-US.methylation450_postfiltered.tsv.gz	Thyroid_Cancer,Thyroid_Carcinoma,TCGA-THCA,TCGA_Thyroid	/home/umuttoprak/Projects/SOPHIA/tcgaMetadata/tcgaRNAMeth/THCA-US/THCA-US.clinicalMatrix.tsv.gz	.	.	.	THCA-US	
UCEC-US	/home/umuttoprak/Projects/SOPHIA/v35/cohortAnalysis/UCEC-US	/home/umuttoprak/Projects/SOPHIA/v35/cohortAnalysis/UCEC-US	tumor-control.tumor-only	0	/home/umuttoprak/Projects/SOPHIA/tcgaMetadata/tcgaRNAMeth//UCEC-US/UCEC-US.RPPA.tsv.gz	RPPA	/home/umuttoprak/Projects/SOPHIA/tcgaMetadata/tcgaRNAMeth//UCEC-US/UCEC-US.CPM-TMM.tsv.gz	log2_TMM_CPM	/home/umuttoprak/Projects/SOPHIA/tcgaMetadata/tcgaRNAMeth//UCEC-US/UCEC-US.methylation450_postfiltered.tsv.gz	Uterine_Cancer,Uterine_Corpus_Endometrial_Carcinoma,TCGA-UCEC,TCGA_Uterine	/home/umuttoprak/Projects/SOPHIA/tcgaMetadata/tcgaRNAMeth/UCEC-US/UCEC-US.clinicalMatrix.tsv.gz	.	.	.	UCEC-US	
